{
  "name": "filelist",
  "type": "flogo:activity",
  "version": "0.1.0",
  "title": "List files Activity",
  "description": "Lists all files in given directory",
  "author": "Radzio",
  "display": {
    "category": "File",
    "visible": true,
    "smallIcon": "filelist.png",
    "description": "Lists all files in given directory"
  },
  "ref": "github.com/radzio123/flogo-components/File/activity/filelist",
  "inputs": [
    {
      "name": "directory",
      "type": "string",
      "required": true
    },
    {
      "name": "pattern",
      "type": "string",
      "required": true
    }
  ],
  "outputs": [
    {
      "name": "result",
      "type": "array"
    }
  ]
}
