{
  "name": "filecreate",
  "type": "flogo:activity",
  "version": "0.10.0",
  "title": "Create file",
  "description": "Creates file with given context",
  "author": "Radzio",
  "display": {
    "category": "File",
    "visible": true,
    "smallIcon": "file.png",
    "description": "Creates file with given context"
  },
  "ref": "github.com/radzio123/flogo-components/File/activity/filecreate",
  "inputs": [
    {
      "name": "path",
      "type": "string",
      "required": true
    },
    {
      "name": "content",
      "type": "string",
      "required": true
    }
  ],
  "outputs": []
}
